Id,Nombres,ApellidoPaterno,ApellidoMaterno,FechaNacimiento,Curp,Rfc,CorreoElectronico,Telefono,Domicilio,Estatus,FechaCreacion
1,Ginger,Huang,Love,1981-03-26,7SR3OREYBS9YJ06UU9,HHYKJ7W3OJ1N2,ueeakrk283@krbh-w.org,0834219340,Suite 46,2,2022-10-15 22:47:33.733
2,Jami,Watts,Terrell,1987-09-02,LIY8WZ1QMH38UGIQMH,SAHAMQR4L0MWD,ycgtzec.rnfvh@ucqwvj.com,0110173492,Jefferson Building,4,2022-10-15 22:47:33.920
3,Erika,English,Howell,1956-06-22,NL3QLBQTMPKX0NQ9Q8,AHH9HUSG638CD,qxvexc2@ctrrgdfn.vjpcvv.com,2196649200,3rd Floor,1,2022-10-15 22:47:33.920
4,Jeffrey,Cole,Bullock,1973-08-21,U4N0SH7KEI1AJDXLNI,PUM5MTP1GDXG0,fdmo.cbiyy@vxhaun.org,5815438949,8th Floor,1,2022-10-15 22:47:33.920
5,Tania,Hardin,,1977-11-18,CX56E11K3K46RH2NS0,WYXNU0S71S67Y,ktqwir63@glearm.opxdgw.com,3860923838,Suite 78,1,2022-10-15 22:47:33.920
6,Ginger,Torres,Hubbard,1983-04-18,A9DRBAKF0K222RYVMO,3D1ADGEQDH9J6,mhcb48@sgdv.qpwagj.net,6515654429,Pre Sales Group,3,2022-10-15 22:47:33.920
7,Frank,Todd,Reese,1965-02-05,8ZQX3ZABASGP4K37JY,04B0UEK75KICI,jhoovno@u-pgte.net,4529529508,Suite 8566,4,2022-10-15 22:47:33.920
8,Alan,Faulkner,Bright,1987-02-23,TVUL0Z0I1FTLGYUSKK,SUZFVCX2BN3KY,uezgw.gokvk@ztttvp.org,3809546817,Suite 527,3,2022-10-15 22:47:33.920
9,Norma,York,Ewing,1985-01-29,AR1ZAMKUXHZJFWGV3D,LGEATJ6XH5DJR,nsplb.jcwmtzdjbs@f-ydga.org,9253863407,Pre Sales Group,2,2022-10-15 22:47:33.920
10,Claudia,Aguilar,Greer,1989-02-19,PX2H9VG70RASJN7OES,7HS0YWXJHUOTA,wmajeizr3@fehzxv.net,8317060887,3rd Floor,1,2022-10-15 22:47:33.920
11,Esther,Charles,Newton,1955-05-24,JZG5212WEOZ3RE6UE7,SNXAGEMP67JYB,jsaa.upohkarewb@lzmckiex.upejfg.org,0234799838,Sanger Building,2,2022-10-15 22:47:33.920
12,Alfred,Petty,Quinn,1971-10-01,R3TFJ3NOGW78127UE9,CT1BL1UUV3L18,uzjngf3@kaigmo.com,8504232167,Roosevelt Building,5,2022-10-15 22:47:33.920
13,Wallace,Bonilla,Colon,1963-09-23,ZF7Z2I1OJDCTTH50SQ,YKMZ885T833D9,jhisv.zzixeslscb@fukja.mlylhs.net,4978849738, Department,2,2022-10-15 22:47:33.920
14,Marla,Cuevas,Crosby,1954-04-08,W1FCM06GX0KKSKL7TK,BKH0L26OSC882,mwel7@cklvyzjg.juc-yx.org,2139494423,APT 12,3,2022-10-15 22:47:33.920
15,Carolyn,Rowland,Finley,1965-04-30,QXIE4B32EQW2E3UCQK,RTOE6KQMLJP2P,jgdnqpc556@zaogzo.com,9557646561,Appartment 138,3,2022-10-15 22:47:33.920
16,Barry,Wade,Haas,1973-10-18,KZV13OZTK87ABFOZMD,KX87SCJALLF5V,npfdja.xheweoa@tinrjv.com,2747805854,3rd Floor,3,2022-10-15 22:47:33.920
17,Terence,Phelps,Case,1969-09-09,B1IXSQ0X5GX7VMQ04U,R9QZ571EFO7PS,uublry.utni@botrfl.net,9381293615,Appartment 7,4,2022-10-15 22:47:33.920
18,Paula,Bolton,Newton,1961-11-22,,ZYAJCN3V41GQE,laxvff.dtps@q-filz.com,3923184071,Suite 43,1,2022-10-15 22:47:33.920
19,Frankie,Schmidt,Murillo,1961-07-29,FQ5HIU6FLMQ47Z3922,82Y0PFVCSPWIH,njyng.spdn@aovsmzyq.svrwxt.com,2855604938,Post Sales Group,2,2022-10-15 22:47:33.920
20,Lara,Myers,Delgado,1985-08-23,3B3QUDM0COKFJ4RYW6,IKZ3JUBNAWT77,zyar.wrzyykd@explkpzz.dtpcvi.org,0518517200,797th Floor,1,2022-10-15 22:47:33.920
21,Marisa,Carroll,Stevens,1970-10-03,Z2LAFBEBP8RDOX2RKB,4PJFSK6CP7ZCT,hsdpjrna.naafphrnzi@hayontxtw.xtbkgo.net,8344597447,Suite 719,5,2022-10-15 22:47:33.920
22,Dexter,Velazquez,Murray,1963-08-08,B4WTUR0760G073I2ZH,5LMT6WCJ1D6K5,cklomzl.imijtwhld@dtcedx.org,2195723222,3rd Floor,1,2022-10-15 22:47:33.920
23,Joni,Rowe,Finley,1983-01-10,OEF1XRKAWHGD6MVVF3,S26H8Z735HQWZ,dezcrtf.sozdoqo@fexvze.abigfj.com,7961232351,Suite 171,2,2022-10-15 22:47:33.920
24,Kim,Hawkins,Lang,1986-11-01,RJE47B98KA5V39KNLV,VS370NHP9Z1AJ,fvzj6@tsorqo.org,8910244283,Customer Department,5,2022-10-15 22:47:33.920
25,Margaret,Garrison,Collins,1983-09-10,Y29G3PPM9DB82YPQH9,N687FLKM0I4UG,xprzih@rxphhz.xtqexx.com,2208944978, Group,1,2022-10-15 22:47:33.920
26,Kyle,Collins,Yoder,,7PNJ00QMD3MY9ZB47H,F539X6O89ZKH2,ybgpg17@xwwnu.e-ypil.com,2657473111,APT 9,2,2022-10-15 22:47:33.920
27,Willie,Rowe,Barnett,1965-11-02,AEHP0U822WDJ3EBOEB,S7FYGMFZ8IHEM,osvmjz.ikgygyeesx@bgafwr.net,5203608893,Suite 352,4,2022-10-15 22:47:33.920
28,Valerie,Brandt,Richard,1959-07-12,9GC3CJME28RUI8EYWP,SL357F94WRDCX,rbpq.rrqs@dvomhvh.vtxlmy.com,8630338964,Foster Building,5,2022-10-15 22:47:33.920
29,Connie,Noble,Fisher,1957-09-06,NPRYNPZJJKYBXTO8MX,W9NXIHUS26EUN,rpprhuk@ffmnzn.com,7755407871,Suite 1,1,2022-10-15 22:47:33.920
30,Elisa,Gomez,Mullen,1965-10-06,55DF6TB2UAOFEYENTH,WLSIKFFOVFANT,hspybkl@dwmkabcrb.jgqqr-.org,6788583098,APT 114,1,2022-10-15 22:47:33.920
31,Sabrina,Johnson,Bryant,1978-10-20,ODCZ2U3XT0U0S0LKU9,AOK3OZ2ZVJV5E,fxxwofo5@tndr.ftvlmx.net,9783330315,APT 2,5,2022-10-15 22:47:33.920
32,Tamika,Wang,Andersen,1981-02-11,L4CM48V4JCJ5VQ48XS,JXQDST7BZUSHZ,bwlyhj66@hihvyjok.oxczek.org,6428068016,Suite 9,4,2022-10-15 22:47:33.920
33,Jasmine,Walter,Houston,1989-08-21,AK2WI10AVETEJDJVCC,D8NVN5HELB5ND,wsabhmjd19@vymfymaod.mimzhz.org,1962470565,Suite 147,4,2022-10-15 22:47:33.920
34,Trevor,Cross,Leon,1970-04-24,7Q7PKK9VZ9ORNSOZOJ,P8NF0F4YOWU0G,cgvy989@ziltma.org,0777064749,Appartment 7,3,2022-10-15 22:47:33.920
35,Edgar,Chan,Jefferson,1969-06-22,TL4YZPPY0RBVRW6KF3,OQB7ZUMMWZH8I,znueip.yzjvehh@fwthfc.com,5035776286,After Sales Group,2,2022-10-15 22:47:33.920
36,Cathy,Foley,Curry,1958-12-23,HB86017M6LUEVB4J53,BF84GALQ7CGK3,tdzapax14@mimpavoxq.arofdk.org,8697082359,Suite 827,5,2022-10-15 22:47:33.920
37,Tonia,Crawford,Middleton,1979-04-27,70UM93OEXVH79VT1XK,JQ0MOIPV0XNJB,kgxpm.jzlsrew@uogrfhzkd.yhzusq.org,6440361631,Suite 789,2,2022-10-15 22:47:33.920
38,Bryce,Frank,Guerra,1983-07-10,3XS2JC5CGJNC0HMWUN,,acexwub.ceyn@mlqemncg.latfjd.net,9469902946,Suite 35,5,2022-10-15 22:47:33.920
39,Darrick,Goodman,Delacruz,1984-01-12,Z2CMARODKJ1A6YQZVE,CNXRXZM9NPK6E,kuwkxwsm.kxgewt@icmuwx.rktavg.net,9917265513,2nd Floor,2,2022-10-15 22:47:33.920
40,Toby,Andersen,Garza,1981-07-30,A93Q8UAIGQMZZE7LBR,IYQFQ735YUK0F,cotiuop.wyrjgh@cwwq.pyzofk.net,8480630012,Sales Group,4,2022-10-15 22:47:33.920
41,Sonja,Pearson,Gilmore,1956-05-25,IBVZKTF9GE9HRIXCGV,FAHWZIDJFON4S,uitndq39@uxyemk.org,6751092065,Customer Group,1,2022-10-15 22:47:33.920
42,Dwight,Sims,Turner,1984-01-21,4S087NYJ1VZDF7KVLF,3A2I3QC178S30,btkvtn.igiea@qyvcqboux.murzta.net,1459535180,APT 82,4,2022-10-15 22:47:33.920
43,Suzanne,White,Rowe,1983-10-19,JXSLT478VH11RP0NII,O27XJ5UC8N7WK,ijbxxuq.cbqpdmwi@innny.sfsgvp.org,6520838934,Suite 446,5,2022-10-15 22:47:33.920
44,Cari,Welch,Hale,1959-03-26,NBM9DDG0UA7MCW6CEB,J1SLES2OS2WP4,xryasa97@hnjhv.ljltvv.org,0232156307,Pre Sales Department,5,2022-10-15 22:47:33.920
45,Anthony,Mc Intyre,White,1971-06-20,630E220U7OEK2CISYW,394VH6VCHQKMG,eoxlmn.slovqgqwou@efwklddu.cwcxgv.com,8235786403,4th Floor,2,2022-10-15 22:47:33.920
46,Shane,Hamilton,Morse,1983-03-23,F7C4CYOUP4LCLBBCZM,2FA66DI5F6P74,ngyvfv.zbgtq@twgzrmzik.-opkyi.com,9009918171,3rd Floor,3,2022-10-15 22:47:33.920
47,Jessica,Frederick,Sellers,1985-12-24,J7CJ9CFP49T47GRVZT,A50U1G9ZJCEE3,hbndkyjz.cwalyuj@wvbnynsfg.harvph.org,0425310550,4th Floor,3,2022-10-15 22:47:33.920
48,Rosemary,Larsen,Stephenson,1970-11-29,OFE8APMBT9QZI50CG2,K11RBCLDRPJQU,plhpsv.ndoqubxjn@nppstdqi.j-jcuf.net,9696260283,Suite 8715,4,2022-10-15 22:47:33.920
49,Quincy,Fischer,Benitez,1975-12-09,3SW8JKV0DWTFCJ0YI5,TX5A1U2BPPKZG,sgdgzs6@fdihgb.com,2332254489,Suite 94,5,2022-10-15 22:47:33.920
50,Alyssa,,Vance,1976-05-06,2UM0MGE9BY73BSBP7R,VYSS9CKD5XVSE,ztom18@lvoii.feznwo.org,3293144458,Customer Department,5,2022-10-15 22:47:33.920
51,Irma,Rose,Mc Cormick,1969-06-13,VNFP9FZTEGI7I7G0TG,DABBLA5L64C93,mccfbsca78@btuwn.evzxvr.org,9139292152, Group,1,2022-10-15 22:47:33.920
52,Adriana,Kirby,Barron,1983-10-14,AS5AK15SIM0TS6BABN,CB7CVIHTXRGIE,ccckpmaz@pkpgom.com,2192094011,Suite 105,5,2022-10-15 22:47:33.920
53,Mia,Rich,Glass,1974-02-17,DLMNZTTRPWUSH9FGEP,S8E9G5XFE9D6W,egsabh.dejjqa@eifqub.com,3377845747,7th Floor,1,2022-10-15 22:47:33.920
54,Janelle,French,Calhoun,1988-03-13,UO3MH6EMP07X5DO26O,SNF08A1TQJXVE,btgu3@pxwjbjhp.vepkco.com,4328325174,Appartment 95,1,2022-10-15 22:47:33.920
55,Donovan,Harrison,Bennett,1973-05-09,5HRAGWNUIKDQXKYSGA,CKU2VQTXP3TYB,bfgwrb.yhbc@vbeadbs.zzakfc.org,0974945056,4th Floor,4,2022-10-15 22:47:33.920
56,Owen,Khan,Colon,1955-07-08,4HL63QIZPFS68S9JV3,XXYOM819BGA3D,qqgrq398@baemyk.com,8701507578,Customer Department,2,2022-10-15 22:47:33.920
57,Monte,Kaufman,Lamb,1970-08-20,MPUBV2BA9C6K8R7KOK,HVBKQD2TFBA6F,hcmmvx82@rhrkwt.net,2750151494,Pre Sales Department,3,2022-10-15 22:47:33.920
58,Colby,Yu,Ingram,1957-08-23,NJYXYFPE4XO03P2O9A,YC79Z5WSL896J,yvchc975@urjne.vswumq.org,9279451232,Appartment 161,2,2022-10-15 22:47:33.920
59,Dora,Brock,Cunningham,1960-08-21,P4RG8MJUKE08LZKFUN,9DSSDVGUR87YT,tujuqerq.zfkowhn@azaye.cy-vch.com,8448165416,Marshall Building,1,2022-10-15 22:47:33.920
60,Louis,Trujillo,Thomas,1980-12-11,VW6N6CLB3V53Y9IU6V,INEFS6BY90481,wmgozwi095@gwpgfw.org,6709829807,Appartment 7,4,2022-10-15 22:47:33.920
61,Rex,Mosley,Mendoza,1965-01-16,QBFK4Z4P31I970HE8J,92AJTZK1IITKE,twfonfq.dnynbqs@lwwz-q.org,2783651454,APT 35,4,2022-10-15 22:47:33.920
62,Anita,Christian,Blackburn,1976-10-07,K3MAGZEA1Y24EKRXGG,LY21BSAYUUECQ,regw2@jikibm.com,8805334943,Customer Department,4,2022-10-15 22:47:33.920
63,Kara,Morrow,Rasmussen,1960-06-02,1N2MIAKMY3HUABPBZ3,4RN4TRKOXN4TI,vzaufg.vkdjt@gsolnp.org,4598578251,After Sales Department,2,2022-10-15 22:47:33.920
64,Brandon,Ramos,Coleman,1974-05-20,ZLQP2R0X3PG30XWISI,4VM8S8DBY3W8E,rwif033@drf-ly.com,7269809261,After Sales Group,1,2022-10-15 22:47:33.920
65,Nicole,Meyers,,1959-04-13,30VCG7K3RTO9RTGHRA,7G5H99XRVOQNI,hfciaove.auzubiy@npt-tv.com,4828286412,Post Sales Department,2,2022-10-15 22:47:33.920
66,Marcella,Carpenter,Hines,1961-01-08,,0FWH9TTZ76KIX,wasco76@hqnzkw.com,3223704529, Group,3,2022-10-15 22:47:33.920
67,Jeffrey,Wagner,Barton,1956-10-03,0VHDGXH0GWESXTJ003,TJ8KC8HHINK9J,kjpxc.wmof@qxydylm.maitjo.com,2079354926,Pre Sales Department,1,2022-10-15 22:47:33.920
68,Ralph,Curtis,Blackburn,1954-06-09,9HHN83EGO9KG57THKM,0XI5PHBI7EZKI,qidk@cpnrhaem.aqtoum.com,4116649500,857th Floor,5,2022-10-15 22:47:33.920
69,Roman,Cabrera,Morris,1985-04-03,EFY737D0RG8TFEI0GI,8ZWQB4YBG5A9F,bxig9@vfbyjr.com,9937439808,Pre Sales Group,2,2022-10-15 22:47:33.920
70,Marc,Nicholson,Silva,1986-04-17,892GSQWG8K3BYEEPSB,X9X0AGYAOESGH,bixvi@iyqkvv.net,3510341020,Einstein Building,4,2022-10-15 22:47:33.920
71,Celeste,Fleming,Hammond,1977-01-04,DGV3N0GG42M7CYBDCC,CTLSQ88IQUXFF,bbzayx.leykgrydx@nbskki.com,5812030678,2nd Floor,1,2022-10-15 22:47:33.923
72,Lance,Gordon,Moreno,1981-04-11,,HCVF1SLXHYA1A,bwlakjm6@kjqxhy.com,9185600936,Sales Department,5,2022-10-15 22:47:33.923
73,Pamela,Simpson,Soto,1976-08-29,6H7Q5FO49F1OQP65SD,BIXVMNYMJHJ6A,rzmncre65@olg-do.org,3755504407,,5,2022-10-15 22:47:33.923
74,Chester,Singleton,Buckley,1971-04-25,EGCASEMDQCM01CT4T6,J33U19SBJCEPO,iinfq.lvcmviqbjx@da-zb-.net,8355125841,APT 951,3,2022-10-15 22:47:33.923
75,Eric,Matthews,,1958-03-06,QNZV602DWH6TJZ6XHT,CNHPY978W2SRQ,xkxd43@hkzazm.com,3692780926,Suite 84,5,2022-10-15 22:47:33.923
76,Gloria,Zuniga,Frost,1954-08-04,EBI2XRNE0CWKDY2NIF,SDWVH7EEVFZ05,vaxkxcgw.iikew@ayyciv.org,6437579127,Appartment 4,2,2022-10-15 22:47:33.923
77,Fred,Riggs,Huffman,1977-12-16,59Q1PWKJ31UFBAMRD7,YLGXZJ9W0T816,kpmsdc.aeuymmu@pt-hoc.com,5240098351,Suite 156,1,2022-10-15 22:47:33.923
78,Allyson,Bradshaw,Diaz,1957-05-15,23JM110WSUGBNIWOXO,711AJXI6FJ8G0,vyooymeq4@sqvwk-.org,1385326415,2nd Floor,3,2022-10-15 22:47:33.923
79,Malcolm,Grant,,1964-07-24,T5C8JC5WK9Q6OGXDHL,S1PX389ALVS6L,todb.bgbvm@hdyxas.com,3702468839,Truman Building,3,2022-10-15 22:47:33.923
80,Bruce,Hampton,Wilkerson,1956-08-12,P0P0ROMP7XFMO33EFP,D3MF036UDPH8H,lzhekxd11@bjknjscj.r-vnkl.net,1077770081,Foster Building,3,2022-10-15 22:47:33.923
81,Keri,Shaffer,Cochran,1988-09-16,Z9V4FM1NRVQ4E2AYA3,5XPIJB4Y4AXY1,jhmo8@vyapqh.com,9309947475,Madison Building,4,2022-10-15 22:47:33.923
82,Christa,Chen,Conner,1985-12-04,KJXNYZ5N22L2HOMLDT,F6IDCLTCXSFWR,gunkszm.igiwmqi@vzqtvo.com,8879851578,Post Sales Department,1,2022-10-15 22:47:33.923
83,Katherine,Mccarty,Hopkins,1974-08-03,9DQ0UUGS0JD5SAA4B2,OZGVQG5O6AMAS,weiiasje3@g-pufo.com,6278658316,899th Floor,1,2022-10-15 22:47:33.923
84,Doris,Logan,Downs,1972-05-03,W4AYZL5T8GSHX5ETRU,YBI21AE773WVZ,jhscwmm.zztochq@ozsiyzye.yayozb.net,0772573082,Pre Sales Group,2,2022-10-15 22:47:33.923
85,Rachael,Heath,Dillon,1987-04-26,2TH744OXTR6JBJQWRZ,0W2MJ6A4U27KQ,wpgdfx7@ceszq.-opais.org,4180785823,Suite 620,5,2022-10-15 22:47:33.923
86,Jamal,Yates,Hancock,1986-01-06,QFO07C82GZEGIARZTF,07Q1TEDLADUGJ,ynrok.tplbxe@grfpdcjgc.qznekn.net,2671182534,157th Floor,5,2022-10-15 22:47:33.923
87,Brock,Bush,Potter,1959-12-26,5UBNC11XGX78MUD43D,SCZVHCO970QM5,lhkucike2@urmijc.org,3892604169,Appartment 25,4,2022-10-15 22:47:33.923
88,Andrea,Mayo,Moss,1954-06-10,9VW18YFAO9JJXHUTJE,HFUHJM6ZDU2LF,pohpftac.xfvsbrmpx@tuye.wh-vak.net,7859570824,Appartment 175,3,2022-10-15 22:47:33.923
89,Jacob,Ochoa,Hammond,1987-12-17,BZ6ER48QRL56OL0519,MOR2MTBH2C3E3,wsdfwokb.kswcpvwu@cwui.oxsasb.com,5504355828,Sales Department,5,2022-10-15 22:47:33.923
90,Tiffany,Strong,Kelley,1966-12-16,3PXQDNWE9RR1TPA1S3,0PB79I4UIDXXA,uviogt@inmutr.org,3800425307,Jefferson Building,5,2022-10-15 22:47:33.923
91,Cory,Poole,Mays,1979-05-05,5XZ7NPJ3VXWBTJQB3E,Z5TWX9MJ9NZBJ,hfuy.uvhq@ahyebf.org,6885124551,3rd Floor,2,2022-10-15 22:47:33.923
92,Dewayne,Kent,Mc Gee,1974-09-04,SRUQZY0KCHDK81L4W4,DID5IFZNIUCWA,pbwdfwk.udaw@gsuvjt.com,1232268677,APT 3,1,2022-10-15 22:47:33.923
93,Ivan,Marks,Flores,1975-11-19,A1UK1GCFYI2D7NJBPA,6D5PJIIXI7GT4,rdwybq5@ifiq.cn-xmm.net,3479437293,APT 9,4,2022-10-15 22:47:33.923
94,Marie,Rollins,Montes,1956-02-01,08N56MHDOA7FU7M37Y,GN7XZ4GZZREUT,gmrlhkxo1@yidpbq.com,0815843463,Post Sales Group,3,2022-10-15 22:47:33.923
95,Brandie,Lester,Mc Daniel,1969-07-14,S9MJ11936WOQWTP38N,MYJ1ZUDVHAS0H,lpxc8@yeltro.net,7787209549,Appartment 596,1,2022-10-15 22:47:33.923
96,Mandi,,Dawson,1970-08-18,NYK3O5Q285LJCDIIXD,06POBI6VNFW5B,kcnj1@eewgjw.org,0538271822, Department,3,2022-10-15 22:47:33.923
97,Scott,Dawson,Dalton,1976-08-20,L3XIBH0JBM53DGBA78,DEBPP6BKNFU93,vxtjfrcv.znpguf@nbofzt.com,6240674320,Suite 8766,3,2022-10-15 22:47:33.923
98,Darrick,Melendez,Foster,1962-06-02,YDBZ1XKCBDDBSQI1SQ,5X4ZM0ZT2PIA4,nqwho58@lekknp.net,9791707338,Sales Group,4,2022-10-15 22:47:33.923
99,Joanna,Vasquez,Rush,1990-12-14,8MNLEG227302B9RFC9,B45TJ6H3Y3AB4,duykrmsi.oxzynel@crdzjc.net,2862025381,1st Floor,4,2022-10-15 22:47:33.923
100,Nathan,Yates,Hunt,1963-06-12,VKQ4O6YACDVEIKRZJA,JAU2ELPPAWJA6,mdqaqap@dvvzj-.org,4052241116,Suite 40,5,2022-10-15 22:47:33.923
101,Mario,Evans,Mc Carthy,1979-06-20,WIYVD9BA111A5ROUVI,BM6E2K8J90PX3,fmsgz.vnzuohrd@jnyxkqpp.ulgrtz.org,8568000088,Appartment 38,2,2022-10-15 22:47:33.923
102,Marcus,Abbott,Bonilla,1984-07-18,ZFG5QOBOIIK975LDLX,Y1PBWJASUFVJ1,uvuwrli310@rqt-mi.net,1064371791,5th Floor,4,2022-10-15 22:47:33.923
103,Joshua,Duffy,Larsen,1976-08-28,CVDVW9B3PMTQWH1BBG,U8A90XRCWV8K7,wcqt.oufv@xhlj.bpsihm.com,8285483127,Roosevelt Building,2,2022-10-15 22:47:33.923
104,Drew,Little,Zavala,1980-08-24,862KSSHRT5KE3W55ML,0TCHHNR977EMA,htqytmt.zrgy@pgdgoa.com,3905114382,Lincoln Building,2,2022-10-15 22:47:33.923
105,Melanie,Adams,Kemp,1990-05-02,KWELL1ORNS5T9W7OJA,RQJJJNO0QGW6A,fkjktdm.bmndyw@riyitct.dcacf-.org,0956803937,APT 223,4,2022-10-15 22:47:33.923
106,Wayne,Fisher,Waters,1979-03-05,K3EHIX48PTQBFPRWHT,4T2BCAR13E1DU,jlojb54@lcirksyx.qbkgpy.com,7639562765,2nd Floor,2,2022-10-15 22:47:33.923
107,Marisa,Martin,Cochran,1960-02-16,GI30UZNBBHV8MVB0H5,13UDN8L6CP1KB,kkjagvtn269@sxhj.lqlhcm.org,4663860263,APT 554,1,2022-10-15 22:47:33.923
108,Audrey,Gallagher,Burnett,1955-10-27,WNHTZYXGQ4H0QVYUSH,3WLBD55D43AZR,agudlkd1@pecqqguf.sjhoto.net,6299702823,Marshall Building,3,2022-10-15 22:47:33.923
109,Clyde,Howard,Matthews,1983-01-08,KHUMTQTL4G4OAQ1XXZ,N4H5S4ZNLIJ20,cxtu0@fnhwatccg.ovqxru.org,7231158005,Suite 7705,2,2022-10-15 22:47:33.923
110,Paula,Sims,Bonilla,1971-10-07,42WJX7UG5CO1IJELX2,HC9SZSY6SPZPF,wmoswkb.lmcraimah@spelmg.org,2490427901,APT 303,3,2022-10-15 22:47:33.923
111,Amanda,Watts,Duarte,1968-07-23,N35CTZLF6AOX0U3DZN,YR3NGVI78VR60,labzkgfu.rxuknrq@omewkx.nggaeo.org,9010582483,3rd Floor,1,2022-10-15 22:47:33.923
112,Anne,Conway,,1966-04-07,WFZ9O8FFM5V54VVBLY,A2SB57VRTI0ZR,efjm.uoxmpao@ovjroqhdq.qrymnh.org,3940644452,Suite 16,1,2022-10-15 22:47:33.923
113,Shad,Burns,Castillo,1984-01-31,3JCRN6GFN6E6FXZ5MO,CS63OAOUEVL4F,wghhd792@wfget.vxrhxb.net,9940760033,Post Sales Group,4,2022-10-15 22:47:33.923
114,Annie,O'Neal,Miller,1957-01-10,G4DKZ9B5K24JIEAKEK,4D0SSIWQXOJ8S,btwajen0@rxlur-.net,3220100866,Appartment 1,3,2022-10-15 22:47:33.923
115,Joanna,Parker,Chung,1983-03-27,C28TS97ZG74P9MRILP,YLMG31VFPNHPR,fllt.mezoifpt@xyxfhnn.jmnykw.com,9005353565,Suite 8,5,2022-10-15 22:47:33.923
116,Alexander,Cooke,Kidd,1970-02-13,CHB0VCIMWR4DLLYCR8,NWP0RLMGH879K,hwep206@dsorxnb.tconry.org,6015506389,APT 16,3,2022-10-15 22:47:33.923
117,Joey,Tate,Branch,1955-03-08,LASAUYGCUWRWPUF760,UIJGIHVT951DE,htotdxl.pvcvrv@dilvvp.com,5517523475,Suite 961,4,2022-10-15 22:47:33.923
118,Dallas,Mckee,Stanton,1979-01-31,CG9MB7BUJ4BAZ994OK,NCA2QF20YJG6J,zxutilq9@pfghqyhsy.bhaono.net,6030124687,Madison Building,5,2022-10-15 22:47:33.923
119,Alana,Diaz,Cook,1978-01-25,H2FZNQ4VFI6DSCPWVC,4D9TG9L74079K,lddjda.jeeacrmkj@edwhsl.net,2628649128,Appartment 930,1,2022-10-15 22:47:33.923
120,Austin,Solis,Brock,1964-04-06,G2I3W8JMRMFQQNYIZW,MKZD7YS4Y4J4J,msty15@gbfpmpdnx.juqfol.com,9554600128,Pre Sales Department,2,2022-10-15 22:47:33.923
121,Arturo,Baker,Cunningham,1954-01-15,LW6CWBDRJXACES034Y,J00BXEPVV7X53,pukxgfe2@ydhjc.xosgde.com,1411583811,3rd Floor,5,2022-10-15 22:47:33.923
122,Kent,Rubio,Moody,1955-04-27,IR43C80SFPTTQZEQSA,89VGV7DEK2ZLP,krbn7@jpiuzk.net,2255769452,Einstein Building,4,2022-10-15 22:47:33.923
123,Ricardo,Arnold,Valenzuela,1957-06-24,MSJHZOH91YQJTK0DOG,F4ACQRN40VC65,ykea2@nzriq.iivmkb.net,2085764664,Suite 2898,5,2022-10-15 22:47:33.923
124,Kara,Gillespie,Osborn,1971-04-19,T3WIX1Q4KDZ17TEC6Z,ORG2UCWO829BF,affwtt@hgujx.dtjpas.org,7476490836,Post Sales Group,3,2022-10-15 22:47:33.923
125,Eileen,Hurley,Schultz,1959-12-14,,FYCBOPGQXKECS,tkzley.awev@nkrpwy.jkzlqi.com,6329023272,2nd Floor,2,2022-10-15 22:47:33.923
126,Dustin,Cowan,Martin,1955-05-03,5EVYYUP6Z9QLQAZGNQ,904O2MPTLWRD2,hmhdq76@djeyea.org,4113917454,Appartment 769,1,2022-10-15 22:47:33.923
127,Lonnie,Bradford,Liu,1958-05-24,LF9KXW1XIPE8UEEBDY,W82EBIO1I0HFA,gzymwd.zzznpxet@rkne.avqupe.com,8507129478,7th Floor,1,2022-10-15 22:47:33.923
128,Kristie,Roman,Robertson,1973-07-29,XN7VQUTR9Q7DRLVDVV,UWNHJSE8XK9SF,kowks490@tqfpfe.com,0452852247,APT 487,2,2022-10-15 22:47:33.923
129,Ramona,Hoffman,Bryan,1954-10-12,Y2XX7GK1W7CYMIITME,CGKBNPUOH01AF,ijtzcj.fiyenf@snmlil.net,4055099091,Truman Building,2,2022-10-15 22:47:33.923
130,James,Ali,Lynn,1978-07-20,JP35S6ACNMY1IGJZ2Z,I47MCSYP9ATAC,uvxkpao@-uwhij.com,7478211335,Suite 86,3,2022-10-15 22:47:33.923
131,Walter,Frye,Cordova,1968-12-14,0E5TXKWSLU9S8ZAB4U,AI5I22P1G6RL2,rdpvobh.tzfwsk@mnbeunkq.ndwfca.net,3168722220,Appartment 484,5,2022-10-15 22:47:33.923
132,Hannah,Rivera,Dixon,1968-07-17,5RW3XEX6TI3IGTWD5E,ENG9C7QTDMGNN,aefziii@rphjr-.net,6092519579,Customer Group,2,2022-10-15 22:47:33.923
133,Ray,Giles,Mac Donald,1957-06-01,5LVDOHEUP184E45UY4,7AHDC6EZUI7CI,iawq851@pygprfa.cds-yv.com,3605920114,Anthony Building,5,2022-10-15 22:47:33.923
134,Charity,Wong,Hickman,1954-02-12,7F0D39IBSYCM4X8PB9,O0UQPTBLTKX4X,cftf162@avnufd.bvl-qd.com,1748226878,Suite 7,4,2022-10-15 22:47:33.923
135,Candy,Simpson,Mccann,1968-02-23,7MJJ84LDOEAZY9V6G5,5J1FF2U6PE8VQ,tspzy.ftijvgj@imqzlp.com,6869059378,Customer Department,2,2022-10-15 22:47:33.923
136,Jackie,Krueger,Jennings,1957-03-02,R365LWDF366FTKLWOO,SX20P95CRQYTB,xotvnb.nmmlag@npumw.cs-wrd.com,3898139118,Appartment 9,1,2022-10-15 22:47:33.923
137,Lorraine,Barron,Gates,1962-04-09,R9IWTXIZEC9QRJ4H91,GWG89XTBHSXGL,gdibc676@gtwioc.org,0927796982,Suite 6,5,2022-10-15 22:47:33.923
138,Tisha,Bolton,Bonilla,1984-12-10,XNVOH6IYHECD6ILDX9,BGHT2WTWIXFNC,mwwx.kaurkk@gjcy.uuvxbs.org,6019014176, Group,4,2022-10-15 22:47:33.923
139,Ty,Clements,Fletcher,1973-01-01,C83XY2TGEVO3BV8Q7W,RBGLQ9PSY0MTL,kwrhowrf43@zxagis.com,7359312856,Suite 9,4,2022-10-15 22:47:33.923
140,Mia,Love,Sims,1961-02-21,1PBZ0K1Z2866681O7U,G929ON1A85RFR,nhqzmb.tdpp@cjvojqwb.oquuyw.net,0766380789,3rd Floor,4,2022-10-15 22:47:33.923
141,Rafael,Phelps,Ryan,1978-11-22,WMNQ33SB1HYREHD8I1,EISLK0J5BCPCS,jowikrp5@huyzvu.kuiuql.com,2296127691,Wilson Building,5,2022-10-15 22:47:33.923
142,Derek,Murphy,Alexander,1957-03-02,2CX3Q88PHUA70WGZYD,HH68ADF8U6ZPR,jrgrcxtf877@tblniusv.dekpat.org,3291754606,APT 475,1,2022-10-15 22:47:33.923
143,Isabel,Holland,Faulkner,1962-06-02,7V790H4GSOT0JMYREZ,3AUAH5DF718KW,uqgr@ooxwzb.dopsex.org,7932486107,After Sales Group,2,2022-10-15 22:47:33.923
144,Dale,Lester,Ferguson,1969-03-12,WIVDBGRAXUXHFUJTDU,XPJBUITRZI4E4,qwhnxmd999@ojedxuguy.bff-k-.org,5039690087,Suite 6490,2,2022-10-15 22:47:33.923
145,Andy,Elliott,Nicholson,1989-05-26,XLMRG0OTQK1420FGGC,OMLV9220IEVM4,mkpu31@rybdwea.ob-nzw.net,0447104229,2nd Floor,4,2022-10-15 22:47:33.923
146,Shirley,Key,Tran,1966-01-29,WS976LU6E5ZTLXC2XA,94ZQG5A5NOU8N,lrgctfx.rlthutt@caxy.bzelxy.net,8493989071,Appartment 6,2,2022-10-15 22:47:33.923
147,Herman,Burgess,Dyer,1981-08-05,FCNN0QVQUHZD3GVX9O,BB6218RLFDBT8,twuysx4@reshyuihe.twjlhd.org,5788895598,Sanger Building,2,2022-10-15 22:47:33.923
148,Antoine,Collins,Harmon,1971-11-09,F5LT9NRQG7QYH6OX59,74G8ERIUIEYYU,tzzohs.wawbgqa@disgro.net,1998675775,After Sales Department,2,2022-10-15 22:47:33.923
149,Scot,Horn,Pierce,1963-11-08,8GAV0PESVCQZ2EJULU,ZX10FQP68TKWA,izzkm2@addxa.lyhkcw.org,9289301170,3rd Floor,3,2022-10-15 22:47:33.923
150,Gina,Rollins,Cordova,1990-06-01,DZ8ZFI4II7EJQO3FX4,PMEMXEXI7LUWT,pedv04@yswcj.dvcwzq.org,8968225769,,3,2022-10-15 22:47:33.923
151,Vincent,Davidson,Marquez,1968-06-13,K4VVWEQ8NJYB23MW60,TS32D8MIBAEH7,ihutggp@hgwvw.pvhyhn.com,1304011593,Suite 435,5,2022-10-15 22:47:33.923
152,Rodolfo,,Mejia,1988-07-21,VDV6VKGSZAZYLQC9EH,WNNHGU5VZC1GL,sghtgx.wnclidbemw@big-fe.com,6759855470,Suite 79,3,2022-10-15 22:47:33.923
153,Clayton,Pitts,Decker,1975-05-08,BLP9GZJVCG4SWEG9VP,PG6IX7DFPHJ20,vhzt592@evfjjs.com,5191743208,2nd Floor,3,2022-10-15 22:47:33.923
154,Kerrie,Henson,Mathis,1979-09-10,ZBGLQYOLCLQT7E3OV5,B37F6WMKXDFYC,mtdmmtc92@odfpnjaep.xufokw.net,2159999920,2nd Floor,2,2022-10-15 22:47:33.923
155,Tisha,Sawyer,Pitts,1962-05-29,E7CO4BVI2K5GGJHHSV,SR1WN5TV4WK0N,ivww8@hsez-e.com,1393339221,275th Floor,5,2022-10-15 22:47:33.923
156,Yvonne,Parsons,Clay,1977-02-24,YBSE7ALMXDTQL3SAPN,X6XETYJV4LAOU,sauwi862@dqojbz.net,4884937273,APT 4,4,2022-10-15 22:47:33.923
157,Erica,Gardner,Berg,1980-01-25,B9UFL0749APXBSV7SM,IS2YVFNYGMEVD,sbntzkrl856@vd-zks.net,7444855487,Suite 6632,4,2022-10-15 22:47:33.923
158,Brandi,Paul,Villegas,1958-05-13,4EIPY49UKDO9RT5KP3,ZBV695NRF14DE,ldhurd.aoky@awyrsm.com,2062419285,Pre Sales Department,4,2022-10-15 22:47:33.923
159,Brett,Kelly,Rhodes,1973-09-12,6D05BC7GIXPW0OVI7S,MFMYAOCCTL58T,dofytfc476@spahof.-gabhc.org,5771505203,APT 183,1,2022-10-15 22:47:33.923
160,Becky,Norman,Daugherty,1988-01-01,WBC6MRL0X35863WFG4,PAZYL3WTP3FOH,tzmvbasp.quaiyfzk@jrlyjncg.vkayzm.com,3549843683,2nd Floor,4,2022-10-15 22:47:33.923
161,Jami,Stewart,Evans,1973-10-13,7CRORWVGOKWBYR57KU,D1TH0QB10GKO3,vaqzahx.vsivcxsz@nnlnxl.com,8588695245,Suite 67,2,2022-10-15 22:47:33.923
162,Elizabeth,Cochran,Alvarado,1977-07-21,DDQB9CCOIS49FDXL85,HA10CN2416SA0,yova.aejuejk@yrkyit.com,0866705857,Franklin Building,4,2022-10-15 22:47:33.923
163,Jami,Stokes,Braun,,L9RAXG1S7G1VBK9RWH,PIJM6LYSRN72O,zilxsjn.pjyjouw@ymxthq.org,3607524827,Suite 5,2,2022-10-15 22:47:33.923
164,Joy,Franklin,,1954-01-15,HBE8COKBGX05W2X9WL,AJEWZ9BF2ECTO,nwmnbe863@uwaqt-.com,6912736778,3rd Floor,4,2022-10-15 22:47:33.923
165,Dena,Hoffman,Dyer,1957-06-22,SV8K57HXSP5M147NB6,ZNOPPHBHWYIIO,jwoco.lfauxfvqga@ocsbmf.com,1462273097,Customer Group,4,2022-10-15 22:47:33.923
166,Belinda,Rojas,Becker,1955-10-24,FMD5KU7A4TEAD6TO59,IDT9ZEUISWBRI,qvdoqkue.knij@rprbzf.net,5117932853,Suite 91,4,2022-10-15 22:47:33.923
167,Alana,Walsh,Lowery,1953-01-07,90UQRLBBY1OFL3V6FF,G49DWQS4ZHD6C,fuaoq.waskpcmdml@hp-wej.org,7174432180,Customer Department,1,2022-10-15 22:47:33.923
168,Nina,Mccann,Lowe,1961-11-06,NPXWD3EESF7G2DLW1K,MFEGLLXOL2UAE,wnldka83@fwomqz.neleqi.com,9551307517,2nd Floor,5,2022-10-15 22:47:33.923
169,Lloyd,Rosario,Erickson,1982-12-20,LJ9J89FES7H0E9FM0C,UREYZ10RO4MYW,bexveo365@pchbec.com,5491933493,Suite 838,2,2022-10-15 22:47:33.923
170,Tanisha,Short,Morales,1979-11-19,HND7IVQLM106TLKT6D,DBWT11WCIU5XD,bofffn37@nkcxnb.net,6745729889,Suite 97,5,2022-10-15 22:47:33.923
171,Orlando,Tran,Wilcox,1979-01-25,ONXPL6AFT6NRKKY388,J7JLBCA73F7AS,rfwc.ybdclg@zqrqybcta.uc-dzj.com,0261891091,APT 77,4,2022-10-15 22:47:33.923
172,Enrique,Sutton,Navarro,1960-11-06,QNIOTDS0OFUF88UNFJ,R9UNOJA9608DK,epuwrdfp.gfinunmnf@xuyd-g.net,1635338830,APT 3,5,2022-10-15 22:47:33.923
173,Leonardo,Ingram,Rivera,1961-03-28,R08GWEY9GMVHBKUNI6,9JS1O88GL0MK3,ubtojb195@lxmvnhi.rmdqzf.net,8886835639,APT 796,2,2022-10-15 22:47:33.923
174,Blake,Nixon,Guerra,1959-01-30,3CT6M0ZQEIPWIKBGBI,8HMQ91L90I8TH,rqwi@rzmihio.mulwki.com,3374854383,Sales Group,3,2022-10-15 22:47:33.923
175,Clarissa,Lester,Pace,1969-12-05,L9U3BDSXIVELCHGFLY,1ICYSSYKM5MJM,occppxjv.lhrbiruz@uafjxm.euykhc.net,9672285995,Suite 72,3,2022-10-15 22:47:33.923
176,Brett,Costa,Watts,1976-05-16,LGXNJQQPDX04I5AKP9,NT04G41OEI4IW,ysnx.qrxxga@ublfzfn.sqcsd-.net,9373118538, Group,5,2022-10-15 22:47:33.923
177,Maggie,Gamble,Sanders,1987-11-15,HSU2HV0XCF14QIHWRO,IATUQYF3NORA7,deug@jyejilrlt.zwzbcr.org,4397952402,Suite 89,2,2022-10-15 22:47:33.923
178,Jessica,Abbott,Singleton,1983-11-25,BCLOE0IQVG2WR6CG1R,UG4PFBL6H4DD7,zwtblpzx.gebwvivbbe@-rzkav.org,9918616039,1st Floor,3,2022-10-15 22:47:33.923
179,Lillian,Gibbs,Morrow,1979-04-14,FRJTDACSAM18IW2XWW,4UUAWY1BCSTNU,aczjyjji.jkqofor@qgbqcmswb.zndwta.org,3347542439,Lincoln Building,4,2022-10-15 22:47:33.923
180,Raquel,Bass,Osborne,1972-11-24,F1Y55HAI9XE1F4D8US,6CC5XDUXDE2KE,sylznomu4@tytjtym.wfmhfm.net,2242490754,After Sales Group,5,2022-10-15 22:47:33.923
181,Juanita,Mays,Richardson,1984-11-15,7D2784T7J0P8FKXCCH,TOGCQ3ZTTHE8M,nwmckze.tndhic@qfpkna.qgvsxq.org,2382247834,Post Sales Group,4,2022-10-15 22:47:33.923
182,Clyde,Kirby,Park,1964-09-27,DC3R3UVLM44N75CPQC,4CWRG004S7GUI,noptykau.saljpndbtp@vawjlcd.s-llps.net,2953198168,459th Floor,4,2022-10-15 22:47:33.923
183,David,Nicholson,Hanson,1977-07-15,Q1B9RIJPYGHR1R8E73,GF7BJPINBGXRL,meplviv2@ovwrtc.net,8683367963,Sales Department,4,2022-10-15 22:47:33.923
184,Felicia,Beltran,Gay,1962-09-22,ZCCI73EDH23U60IRL1,IURORAT1IB4DB,xpyyqh5@wuuopz.net,4109317656,Post Sales Department,5,2022-10-15 22:47:33.923
185,Alvin,Montgomery,Pitts,1955-05-13,C9J5X44C2WYR5L4CHD,W9WWKSCE92OX1,mfwsek.wdut@ckxeru.com,5946171848,Suite 51,4,2022-10-15 22:47:33.923
186,Garry,Foley,Hogan,1963-02-06,46C41MVMARJ0NC5RCG,0FUOFNLXGS27D,dlso.tghrwpg@wtntkmntf.xrjrjh.org,3513801037,Truman Building,2,2022-10-15 22:47:33.923
187,Joyce,Vargas,Frank,1971-05-27,EE3QBHIBY92N0D2XWZ,XW66DTQ2K07S1,nbkzqpkd.cwxst@ldadmprni.ujoxju.com,6542267393,Franklin Building,4,2022-10-15 22:47:33.923
188,Lori,Navarro,Nash,1984-03-11,,KOZT9C13GFYO3,jrxdy86@hey-qx.org,1099749889,1st Floor,3,2022-10-15 22:47:33.923
189,Brett,Hunt,Henderson,1968-09-22,HJ2ITKJWBEZTSW9Y40,S4TCFWHDVIJ8Q,wblsmhrp.ysbiyksdif@py-c-r.net,5747026542,2nd Floor,4,2022-10-15 22:47:33.923
190,Adrienne,Blackburn,Vasquez,1982-09-16,1NJBWC84IMLF8S7YOC,VTHMMGCRS8Y1E,xzfusrx.vhunvty@goho.yj-kmr.org,2392854119,Suite 164,3,2022-10-15 22:47:33.923
191,Monte,Zhang,Franklin,1981-12-29,A5SL7XYF9QREYXGYHY,FQ7PPR9G6UD4N,zsjdymh.murmywiue@blicj.gjsfkf.org,1414936149,3rd Floor,3,2022-10-15 22:47:33.923
192,Elisabeth,Norman,Wu,1968-02-07,55KG09QZR1LYLM8Q98,SGA1L27NYC2NN,hcerum90@c-nrph.com,8968464639,APT 9,1,2022-10-15 22:47:33.923
193,Norma,Hodge,Orozco,1956-11-28,BDYXYDR7MISUQ0G6QP,BKEEINX4BUIYO,fnjgtp@anoxpu.org,1869563367,Hamilton Building,4,2022-10-15 22:47:33.923
194,Martha,Wilkins,York,1964-03-31,SBHY7DOS5RQ67PEMU7,MN8HT4ZBYXFBM,koutmgpn806@pjusxx.gdky-z.org,9606523927,Washington Building,1,2022-10-15 22:47:33.923
195,Jayson,Velazquez,Duran,1976-01-02,L2813GY7VX5GH0KGQU,SVN2494MFZL09,ktnmxbt162@awly.znvbfe.org,7405018645,Roosevelt Building,2,2022-10-15 22:47:33.923
196,Robert,Ashley,Johnston,1978-05-12,RKALMFWBK4BEMZI3MJ,5FINDS0A3KTI1,piofqga.odfnwxsohq@dnmb-g.net,2228089712,Appartment 187,1,2022-10-15 22:47:33.923
197,Kyle,Sanders,Maynard,1954-05-04,DH86TV0B86N8OSEFNB,LHY605CF7GUFA,rghrtd9@idwiitkdp.mzoizk.net,9908702237,2nd Floor,5,2022-10-15 22:47:33.923
198,Miguel,Hahn,Tucker,1956-02-17,ML75D2KJJHYWYWGGYJ,89WSUB5JESYTS,dpyhhmhv.sufqg@dheeiq.org,1019952502,Pre Sales Group,3,2022-10-15 22:47:33.923
199,Cari,Cruz,Wheeler,1957-12-11,HQL4N5XVML7JVS4XN6,R28L740Y0EZ4B,ldhsjusi@awkbmgqkv.wsyuvc.com,4373725946,Customer Department,4,2022-10-15 22:47:33.923
200,Gabrielle,Frazier,Moses,1966-05-20,U39BHT99OB7BFW9TR0,72SXHZ2UN1NQT,uzuf.zdezaltw@nhxdsb.org,1405238412,Suite 3044,5,2022-10-15 22:47:33.923
201,Tammi,Petty,Noble,1989-05-19,J0G6XXBY34TZSANOA7,2686DUN478750,hnhpt.otpz@vacbibqj.d-wjgm.org,0126184552,Truman Building,1,2022-10-15 22:47:33.923
202,Anthony,Hughes,Rivers,1957-03-25,4BEV8JFASNLYDW6NAE,8ITQZFBCZ0CSE,dszbyi36@rdwkhsh.aj-iiw.com,6560429732,Suite 12,2,2022-10-15 22:47:33.923
203,Frankie,Mckenzie,Vega,1989-08-17,CE6V55VCE0R7YMCV54,F7YHBXVU5SRG2,sjhliim28@rzlpxs.org,3868438650,Suite 7,1,2022-10-15 22:47:33.923
204,Jeannette,Cain,Leonard,1982-12-22,7MHMIAH5G2MNCADV0Y,UKQBZSL57XQDQ,mcofkjtr.bzurzi@iqoxau.com,5351016590,Lincoln Building,4,2022-10-15 22:47:33.923
205,Shari,Reese,Pitts,1975-10-14,8QD70A0FMC001I669U,68ULFQP0APU3E,kkotl12@gyytq.mwsgzz.org,8748195448,33th Floor,5,2022-10-15 22:47:33.923
206,Ismael,Cline,Patrick,1982-07-27,NKOZF9SDFWLQCXPWDT,C0ZJD8IFA0TMB,uiinobtp.icwh@qksohe.com,5730240796,31th Floor,5,2022-10-15 22:47:33.923
207,Freddie,Raymond,Contreras,1960-03-18,GCHVUSF2L463318BVK,Z1RX64NXX60CD,zaoy.klksqva@ezrhzk.com,6035228182,Suite 8,2,2022-10-15 22:47:33.923
208,Dewayne,Weeks,Coffey,1982-06-22,YY8XLJ1MO3BLSDUDF5,90HVD8T7X70I8,fzcqphps.lonm@coxrdq.org,8094518106,Suite 3247,1,2022-10-15 22:47:33.923
209,Sherman,Hinton,Stark,1958-06-04,T6Z7788SHP3MUCMVG8,XTRTEF19YXWAQ,asmpqx40@uwvd.z-xo-e.net,8778092411,Suite 84,5,2022-10-15 22:47:33.923
210,Norma,Moon,Welch,1956-04-27,WBT6RY9JDQ9NT56RKY,2TI1UO5AJX83G,zeknwwpz.wuzbsm@mdvxft.net,5145662620,After Sales Department,1,2022-10-15 22:47:33.923
211,Nakia,French,Gallegos,1965-07-15,1OCQKXKHH96HD509DZ,3KXOWWZ3E7XYR,eqca.tkqsayo@zggyj.xhkqwr.com,1921789876,Appartment 56,2,2022-10-15 22:47:33.923
212,Lisa,Jefferson,Ortiz,1984-04-01,88XPV271AHNL1XP6QJ,1JZ3IE44PYNJL,cyruarz.piaokzm@hkwqzu.com,3157419930,6th Floor,1,2022-10-15 22:47:33.927
213,Joy,Davila,Barnes,1953-10-13,886HS979VHSVSRJQI3,AULAZ95D07ETF,ghsj@otienmudt.pigmhx.com,0570952844,Post Sales Department,1,2022-10-15 22:47:33.927
214,Chadwick,Morton,De Leon,1976-06-18,HOCV90TO4KOYAQSRR1,FA3WW58ZX5L1N,jdmlzxk61@mvmwgev.vqswhd.org,4585913534,Suite 2,1,2022-10-15 22:47:33.927
215,Edith,Mc Dowell,Franklin,1979-10-29,5FNTCJHLVTI773Q1WV,VY1CABTJMMYIU,tyusv517@mbczq.cmuqbt.net,9729811637,Appartment 25,5,2022-10-15 22:47:33.927
216,Vickie,Clarke,Skinner,1976-04-05,WGZK2O7II50ZSOQYKT,JRPOZ5PEVQNGF,nmupqsj7@ratxtls.otnsfd.org,9973794581,Franklin Building,3,2022-10-15 22:47:33.927
217,Emma,Gamble,Villa,1987-03-31,0BSEYUMDHVJOVVE4A6,XGPXL6I161J35,xdwawp.vnesjd@qfndtxw.-tqtya.com,1709918677,After Sales Group,1,2022-10-15 22:47:33.927
218,Brandy,York,Jennings,1967-10-31,K451YGUUQIG4681V14,OHYEAJF5FX2IA,swlnwi.adbfhasmie@rxta.ezbzeq.net,7697960771,APT 12,2,2022-10-15 22:47:33.927
219,Cassie,Osborn,Steele,1989-09-05,0PGBQNZH44DJGSO9QU,3AOTWIM6X1WO5,ranrxnhr686@aekuzjuuc.gqhlav.com,1588633175,Wilson Building,1,2022-10-15 22:47:33.927
220,Elton,Charles,Kelley,1985-05-16,TY30WU0QDGUZD08554,LN4V0TPES96VU,apzfvlq.fudfpvzb@wtvxfk.org,7559829869,Appartment 63,2,2022-10-15 22:47:33.927
221,Roberto,Patel,Bernard,1975-05-31,FDZZQPCY0CHYA0QA3X,0SU3W1YVDQ7M8,wzfkh67@jzdfa.zyfrvi.com,1103097513,Anthony Building,5,2022-10-15 22:47:33.927
222,Serena,Hayden,Mason,1959-10-29,KHPWL0940J7MJ5XFWU,JWHLEYJSS7IGR,aqofrtu.tucvn@yaygm.snuhfm.net,6541054269,Suite 8544,4,2022-10-15 22:47:33.927
223,Erica,Mora,Ray,1984-02-15,CAJV0EVHJYMP48GJBP,IFN0NV546TS4I,apwd9@hbtdklytl.ntvkct.org,6832087794,923th Floor,2,2022-10-15 22:47:33.927
224,Jim,Nelson,Lane,1953-04-06,DYGLCESPYTCLTG4KE1,AEODL7UVRKHW7,akjn9@frgntn.net,5467234423,1st Floor,4,2022-10-15 22:47:33.927
225,Jack,Pittman,Finley,1988-11-20,OHQJP5DU2E3LMPFG0V,ZNLF99DX26ZDC,essic.uokeffs@qxasutdeq.raejue.net,7994713332,Appartment 333,2,2022-10-15 22:47:33.927
226,Mickey,Odonnell,Bernard,1963-12-20,6G7OXN6DT90N1IQ1ZN,QOT9FTHEI4UJU,ybmox.stfun@hexwne.net,8429799833,Suite 41,4,2022-10-15 22:47:33.927
227,Efrain,Santana,Kemp,1956-12-10,QGZKPBV8QWDZ3OPU4H,O3JRNX5J7CU9C,porwem.qyhlthpbz@baxk.gdszmy.net,0004331827,Suite 965,1,2022-10-15 22:47:33.927
228,Katrina,Beltran,Harrington,1987-12-29,SWIRJK2Q13WOFTL487,BHE7UF52Q8HDQ,wnmyw31@vfnu-p.net,9142505460,2nd Floor,2,2022-10-15 22:47:33.927
229,Tasha,Sanders,Ellis,1974-01-29,HD2EGHFAWYCOLK6UI8,4GKQEQ9ZN8PF9,bhwk.opatqrsgp@vrfybo.net,8514254530,Pre Sales Group,2,2022-10-15 22:47:33.927
230,Wesley,Blanchard,Christian,1982-07-27,F0NKU5U7Y5HKGM8ZFQ,HHE6H421QMPFH,ioxtjs0@-cuugk.com,1884380140,Appartment 8,2,2022-10-15 22:47:33.927
231,Clifton,Ayers,Carrillo,1975-01-13,2A3A5ROFA49Y3WKRVU,CA9A6JEQR4UM4,mxxpqx.ypxysxyjp@qafzpp.org,9515438297,Suite 81,5,2022-10-15 22:47:33.927
232,Bryce,Black,Mercer,1984-09-29,89M9H4FEW1CKQ415DC,T6IF5YL9TBWMJ,bbwyn.lolygvvnlb@scfle.ormgxg.net,7142806373,APT 524,5,2022-10-15 22:47:33.927
233,Holly,Roman,Espinoza,1978-12-16,IS5QJ3O7ENVVC5MH7G,QY0Y8NMDYF8PR,hmdbrk4@qkbv.uxlykn.net,6963177455,Hamilton Building,5,2022-10-15 22:47:33.927
234,Evan,Stone,Preston,1965-11-25,M5PDRDXJIT1R7F5B12,P9BU0P7K49AIZ,siycm1@nhijkt.com,9563701610,Suite 2,4,2022-10-15 22:47:33.927
235,Casey,Glenn,Blackwell,1974-07-08,25SX0R05ZF4MUOBPKS,GYDK0B0T4VEGP,pvnofnwz800@nihkce.org,6079099502,Pre Sales Group,5,2022-10-15 22:47:33.927
236,Angelique,Meadows,Hoffman,1980-08-23,DCLK6DDWOG6TKFNEWT,736F6VJKZ2LTV,trrnn56@xbbddlf.rpixst.net,1919010552,Suite 951,2,2022-10-15 22:47:33.927
237,Robin,Wright,Lewis,1966-02-11,PLR8X3D772VPLILP7G,TROPOJWZ1NOGP,acij.buwoaivb@opwole.org,4296535202,Marshall Building,4,2022-10-15 22:47:33.927
238,Candice,Thompson,Mcgrath,1985-07-25,MKNVCPTLJ76AEVC3TM,5FGKZRC12UC3J,xspd@vijkib.com,9356277404,Pre Sales Group,1,2022-10-15 22:47:33.927
239,Sheri,Aguirre,Benson,1977-12-09,NGS55TSQLBZQGXB7N1,YBZ7GUZC7OR6K,zhhpl.qdficx@vxjmcrx.bofnlr.org,3471899565,After Sales Group,1,2022-10-15 22:47:33.927
240,Daphne,Callahan,Mc Donald,1963-10-18,EI4HTZ1RHU9ES22S4T,1JQQ5NEKM1T4S,nafpe.oazzae@wsao.zpmybw.org,7659445982,Suite 694,4,2022-10-15 22:47:33.927
241,Maurice,Hickman,Tran,1955-11-22,I1KZ7AKHPC3OO237LJ,OUDK0Z1POHZVW,ejgy80@dxgulb.net,3983483702,Customer Group,1,2022-10-15 22:47:33.927
242,Allison,Chan,Davenport,1979-12-05,Y642BWBX6ND57D8JOU,8RST65ZJ3LYVH,grsj.douxmhm@pjqta.spueev.com,4848346245,5th Floor,4,2022-10-15 22:47:33.927
243,Katrina,Hodges,Mckay,1978-10-09,X78ICED5KBOUH94U8E,PYEC17OCB66K6,fdkgfrn@vlrxoj.org,5591323806,Post Sales Department,3,2022-10-15 22:47:33.927
244,Darnell,Goodman,Clements,1965-05-29,83VDETB7VAGJFC2LSQ,V9QARMBU8ZXNT,erkv8@ydpplg.com,0183451295,Suite 2897,3,2022-10-15 22:47:33.927
245,Brooke,Zimmerman,Sweeney,1970-03-04,RNXQRLISWV2IZ5PMG1,QRM4IM0Q3NTO4,bahq50@n-seve.org,3164500357,Edison Building,2,2022-10-15 22:47:33.927
246,Danielle,Cortez,Vasquez,1988-09-29,UO06HV3S9HENC4KMBA,GLNLYNOTVN4V2,puhboj36@iebbmi.net,1324250311,Madison Building,2,2022-10-15 22:47:33.927
247,Randi,Morrow,Singleton,1967-04-27,4RV1EBTRGEQQMKYVZR,PEEEEJMJK12KB,zivtjmj73@astnam.ntzzct.net,6830000126,Post Sales Department,1,2022-10-15 22:47:33.927
248,Natalie,Coleman,Morrison,1971-06-12,FVNS8AH8QEEIDB3W2Y,63H2IGEMCBP5G,yqsmlun@b-qbqg.com,4274873870,After Sales Group,4,2022-10-15 22:47:33.927
249,Myra,Richmond,Klein,1975-06-04,MVO3NEJQS2E9LVUVHH,WYZNJ50O9FAK9,imipnw.fiwqpp@sawyun.uzhjxw.com,2940025153,APT 95,1,2022-10-15 22:47:33.927
250,Jon,Byrd,Sosa,1990-09-28,NQX32D1VCFJOVWC5LR,1LJEBJNS62DMG,soeowpb6@xdxcmzbj.jpuvan.com,5581590244, Group,5,2022-10-15 22:47:33.927
251,Claude,Moyer,Brady,1982-02-12,ZDPJP5C4TNIFLF3BWP,12O82PNL2E064,mxuozdbl968@rfnrbgyy.gshyjs.net,4996773033,783th Floor,1,2022-10-15 22:47:33.927
252,Jonathan,Lindsey,Davenport,1977-07-05,LPLJ6B9EIC9Q93QHLX,T2RX7HKRRBUX9,ladtityz.kvcsuc@pnxoynyzh.vbaiiy.org,5635097511,Appartment 415,3,2022-10-15 22:47:33.927
253,Jake,Shah,Hurley,1957-06-14,7YQ987UZY8SLFGT52E,SXAWOXN6Q2HJ8,dojm.epnctp@qgcgcw.org,3625624756,3rd Floor,2,2022-10-15 22:47:33.927
254,Rachelle,Lindsey,Adams,1963-07-28,I8GQTRJX9CUYIDPHTU,J4D5F5Y4AFFYI,vimrd.bmdlzz@cyejiz.net,0550357750,Pre Sales Group,3,
255,Garrett,Vasquez,Murillo,1981-12-21,,ADE5FJS444H6T,ripltfc.tntaayol@qpcyfx.com,9927991582,Truman Building,5,2022-10-15 22:47:33.927
256,Wanda,Flores,O'Neill,1982-07-23,DCBBA5QRU9FYO3QEYR,BPGN848MYOH35,jymrpzcu3@jhbfk-.net,1534201568,Hamilton Building,3,2022-10-15 22:47:33.927
257,Marlon,Watts,Henson,1964-02-09,XHO9LN3A97PY0AL0I6,NUHPFEVDNB4PN,aqykneqo52@wwbxt.eo-bcq.org,9580962745,Post Sales Department,1,2022-10-15 22:47:33.927
258,Jane,Trujillo,Gonzales,1989-05-14,5K30PNTD6VRYRPMXZP,09O8CASLZSQD0,brvxuwj2@mfyfv.pqkeen.org,7723925697,Washington Building,2,2022-10-15 22:47:33.927
259,Jenifer,Mcgrath,Strickland,1985-02-01,QN7VGK4BFO22871MMU,FQOCD4H9NRRFR,xkqwh.insn@hjoitv.net,0407927594,42th Floor,2,2022-10-15 22:47:33.927
260,James,Clay,Ho,1964-10-25,YLRAWFH8Y9DCMAFGAX,14JJGTMPZ8RVV,zqvhna.wmhr@yqr-ew.org,8078894208,1st Floor,1,2022-10-15 22:47:33.927
261,Whitney,Cantrell,Shepard,1978-08-17,MFLCEP4SJRQ303IRHZ,VOZ1D7YXNRBIX,frfeh@sghxtv.com,8751808098,APT 12,5,2022-10-15 22:47:33.927
262,Ben,Kaufman,Rush,1963-03-21,AFYC611BFSSRROW71C,MXHWIUJU96W70,wikrf@lxrtpdh.kcbish.org,5530179086,Post Sales Department,1,2022-10-15 22:47:33.927
263,Raymond,Tanner,Buckley,1961-05-24,DKSNYH86D94JYHXMAN,QFLI9EEYRP2KZ,bokrcevd57@lhsy.yerbc-.com,9825145177,Franklin Building,4,2022-10-15 22:47:33.927
264,Ivan,Simmons,Wagner,1966-11-09,FADEO0QZZE3VGE8LSI,HR7YWW22RUC0I,rmlezkr5@ganmgo.com,5621746684,Pre Sales Department,4,2022-10-15 22:47:33.927
265,Yvette,Zavala,Mc Mahon,1972-04-14,0VYVN1B8UAT2MKYXXZ,FS4668786S9IB,lsvqtmc.mhqmvdrv@ikvtty.owreun.com,5514887399,Madison Building,2,2022-10-15 22:47:33.927
266,Harry,Gregory,,1971-10-17,4N7H8RADO5QV44IN7H,5RTYUFDHYYA4M,xzqukni.egduk@rcafvp.net,9869294581,Customer Group,2,2022-10-15 22:47:33.927
267,Kellie,Foster,Bond,1958-04-18,PCDRWP5CHBIGAMLE4S,NQ68WDJYLWDRW,sbxfders910@aaoap.uxdyvn.com,9977095417, Group,2,2022-10-15 22:47:33.927
268,Rodolfo,Mccall,Kent,1978-11-18,P4DNN34EPX3WQGI9UR,KFODKFXZ0D62N,gohbpc1@mnyslt.net,0363656347,Einstein Building,2,2022-10-15 22:47:33.927
269,Natalie,Richmond,Molina,1954-12-13,BR3FS25OF9JPDVTRBC,T5V2LKKGM0MY4,kaehp9@giraf.mrckxj.com,7644716225,Appartment 7,2,2022-10-15 22:47:33.927
270,Garrett,Good,Conrad,1990-03-07,POSAGEDFRZRCRN8GML,6XL3J4XJ9XJ7P,vkcz.sezwgnbhr@eewwky.com,0627178757,Customer Group,3,2022-10-15 22:47:33.927
271,Guillermo,Carrillo,Hill,1963-02-24,KLHEO557Q0WO7X517J,PT2TQL5F1A5CO,aeuqksa.lehoczabi@rxfzkj.net,5732939857,Appartment 63,4,2022-10-15 22:47:33.927
272,Corey,Hinton,Calderon,1954-09-06,N1FNEPOWR24F75MR38,TNQMARS3R2JI0,obllprva.pdfyuwm@cfvuces.bzuf--.net,2213524794,Suite 6720,5,2022-10-15 22:47:33.927
273,Kelli,Ross,Best,1980-11-21,44A6NEUAJEMM1W5YM5,WXJDUWRSYS7I1,fatrxgyd.qotdj@xqzshihxb.abhnci.net,2301849561,Suite 409,2,2022-10-15 22:47:33.927
274,Teri,Cummings,Barajas,1978-11-19,2PZ9D5LLPJK62SXFCC,VBX7GSQL6WWYV,vttowg.jndwypifd@hxrl.vnx-fe.com,6060423340,Suite 1,3,2022-10-15 22:47:33.927
275,Bryce,Hurley,Berry,1982-06-26,S8JE4I5G3I270L45K4,1Z98LUI3RSHSD,vontgiu.azttftlubk@qrdhys.org,1396726387,APT 96,2,2022-10-15 22:47:33.927
276,Melody,Leach,Duarte,1986-06-27,W11S5RY8JT3HTMRDPJ,PYFSP17G5C17J,raeayak9@dgwrra.com,7502744990,Roosevelt Building,1,2022-10-15 22:47:33.927
277,Monica,Schroeder,Barnett,1972-01-21,VQ7OI3MCKKXMDBGFUQ,RMGV05RYJZX68,mgett.wjlipljia@veijeb.com,3507472460,58th Floor,1,2022-10-15 22:47:33.927
278,Bobbie,Thornton,Wade,1971-09-19,DM59MNZ09K88FM995O,J5POFPW8H49UD,ijumpxco.wkgfvor@eduyww.elkbaa.org,2161277933,Hamilton Building,4,2022-10-15 22:47:33.927
279,Dylan,Snow,Ball,1974-02-02,IOJFENL6Q6D6XM85OP,UX6DA8C5BLR78,jvbxv9@dkmpju.net,0300248841,After Sales Department,2,2022-10-15 22:47:33.927
280,Marilyn,Berry,Callahan,1953-02-21,L1J3DRCCI031BQH8RU,EFUJSFX0MCRUD,llzokypr.dukugq@lthgqf.org,5035978041,Hamilton Building,5,2022-10-15 22:47:33.927
281,Tia,Spencer,Lester,1987-08-26,RM0G9UVEAL6GLJO3BZ,4BM6R74MSJVZF,smkpcpjz.pvldid@tsmidw.net,9296527207,Customer Group,4,2022-10-15 22:47:33.927
282,Antonio,Vincent,Wong,1976-07-01,5O1B35M42FGEGBGYUL,T4X8H5T29P1YN,iyteutg121@kjdn-z.com,1576457576,Appartment 4,3,2022-10-15 22:47:33.927
283,Olga,Sanchez,Mueller,1965-07-28,99HC1QBKIIMN586PIP,ATMGVU0ZYKF1M,leotmoo58@kglywo.org,3658779029,Edison Building,1,2022-10-15 22:47:33.927
284,Liza,House,Coleman,1974-05-04,XBMPTYU7P44LTIRPCN,NBNSZI6IFJC8O,fwpj11@uv-mop.org,5380596110,Suite 1,2,2022-10-15 22:47:33.927
285,Charlie,Barajas,Reid,1953-06-14,0LRL4MFSA5AMY8KO9N,1W4TJABYXE4LE,ruxuthw@pekml.hzkfgl.org,2987323384,8th Floor,2,2022-10-15 22:47:33.927
286,Katrina,Vega,Pierce,1988-07-11,NE6IMFEWT5EJU16PP5,5CSFI1EY29Y4M,ravgx.ypxha@hmyizmark.ohfpp-.com,2830750295,Appartment 10,3,2022-10-15 22:47:33.927
287,Christine,Holt,Stuart,1980-04-18,I2E5K2FI6D8TH1SZXT,E24M5XX1GMHBG,tcbhaab@mekudr.net,1048398964,1st Floor,3,2022-10-15 22:47:33.927
288,Bridget,Hernandez,Burns,1968-05-21,55QPLNVLGKRIVIJ5G9,E8NE4CD3RXPNN,ymrrapm.lfiomz@bzmygnpi.wdcmbx.net,1469947690,Post Sales Group,2,2022-10-15 22:47:33.927
289,Jonathan,Thompson,Jennings,1974-12-06,MF6X7JKBWH119WMZJS,UUUFNKKUAIFGW,mvclb.hlzriba@mdsljrzc.yshobi.org,6097521181,Suite 5070,4,2022-10-15 22:47:33.927
290,Harold,Pittman,Snow,1982-12-17,TIPHZXFUDAYWBQP7NY,W5X6KQJTLJZAD,vadew.xqunxzaw@-yeeju.net,8783584498,Suite 1,2,2022-10-15 22:47:33.927
291,Jonathon,Harmon,Nelson,1969-07-15,I50BY3EIHM9IZD3FPW,B7XI9T7LS2OW4,cdzg.qjrfabap@oswleix.ipakck.com,7783765525,4th Floor,2,2022-10-15 22:47:33.927
292,Paula,Cardenas,Montoya,1967-09-30,7ZSP70YKQBJOY1B97T,X5ZOFA6LZI3XJ,hetwirx@vvwykv.net,6338636856,Suite 3617,2,2022-10-15 22:47:33.927
293,Megan,Watson,Mccann,1953-06-24,QDKEX73RYJ7B0AOR9P,9AFD68J3KX63V,rxlut912@gtvuvwgc.uknp-a.org,5591598240,Appartment 9,4,2022-10-15 22:47:33.927
294,Jared,Potts,Pope,1966-02-15,SAZIO7YYAHO3WMI6KM,DVINLZVGKBU34,rqpjtu@qfttdribc.bbooqu.net,2329145528,APT 2,5,2022-10-15 22:47:33.927
295,Leah,Huang,Collier,1976-03-02,VH3801I0JD991KQ0WQ,7EFB96CHMBQV0,xetecl6@ymxkvp.net,5040621813,Suite 3,4,2022-10-15 22:47:33.927
296,Tyler,Horne,Gregory,1983-09-03,V7Y9TA9GBOI444PTZO,K2HCEV73ZFCK5,bhwhyyzj.aszyvzfgmd@mblpener.ytrvda.net,2124506701,Wilson Building,1,2022-10-15 22:47:33.927
297,Lorena,Hickman,Mann,1971-07-14,ZH67EK08NI5LLFQRCW,,fccxp.naryfpdtu@uvjuld.net,9005621203,Customer Department,5,2022-10-15 22:47:33.927
298,Katherine,Mc Daniel,Huynh,1964-11-30,AYQK6B1955CQRBUQCP,P3I34TV6HVTPY,byhcqyi02@lgbe.flcv-w.org,4086525159,Suite 9,5,2022-10-15 22:47:33.927
299,Kristian,French,Mosley,1984-02-14,KPS1MX63WODDCXRE39,87XPZ1VIUIO8J,gbkkrya2@bawc.sokxio.org,5016694858,Roosevelt Building,2,2022-10-15 22:47:33.927
300,Enrique,Adams,Harris,1989-05-19,ZVDAV3ASE9ROD1CCIH,EZZP0JRISMR7Y,qylff.chrhbwjh@xavgu.o-zggo.com,3140158783,Suite 86,5,2022-10-15 22:47:33.927
